id;title;description;active;type;created_date
1;mobile Fish;Home Loan Account Table Computer;false;SELFIE;2019-07-02T20:02:43
2;Movies Producer;Implementation Electronics Officer;true;BILLUPLOAD;2019-07-03T12:52:09
3;Home Namibia;Steel zero administration;false;QUIZ;2019-07-02T18:11:41
4;grey Cambridgeshire;Canyon HDD;true;BILLUPLOAD;2019-07-03T12:43:14
5;Usability South Dakota envisioneer;Intelligent;true;WRITE_REVIEW;2019-07-03T10:06:36
6;Buckinghamshire Games;incentivize Tuna copy;false;WRITE_REVIEW;2019-07-03T12:17:14
7;synthesizing Views e-enable;Credit Card Account National Awesome;false;BILLUPLOAD;2019-07-03T06:31:35
8;generating compelling;Home Loan Account;false;SELFIE;2019-07-03T09:04:21
9;Industrial;index orange;false;SELFIE;2019-07-02T20:04:28
10;application quantify Unbranded Plastic Tuna;Internal;true;SELFIE;2019-07-03T04:08:21
